{"lidar_to_left_camera": {"rotation": [[-0.00533616, -0.999986, 0.00064036], [0.0342852, -0.000822947, -0.999412], [0.999398, -0.00531107, 0.0342891]], "translation": [0.504211, -0.118845, -0.105546]}, "imu_to_lidar": { "rotation": [[0.999991, -0.00403242, -0.00150877], [-0.0040079, -0.999865, 0.0159218], [-0.00157277, -0.0159156, -0.999872]], "translation": [-1.6481, 0.0319429, -0.43479] }, "gnss_to_lidar": { "rotation": [[0.999991, 0.00403242, 0.00150877], [-0.0040079, 0.999865, -0.0159218], [-0.00157277, 0.0159156, 0.999872]], "translation": [-1.6481, 0.0319429, -0.43479] }, "ex_imu_to_lidar": { "rotation": [[0.998951, -0.0438749, 0.013137], [-0.0438141, -0.999028, -0.00487996], [0.0133383 0.00429925 -0.999902]], "translation": [0.015, -0.208, -0.185] } }
